{
  "timestamp": 1749657145.092944,
  "record_count": 10000,
  "creation_time": 0.21890711784362793,
  "calculation_time": 0.004766225814819336,
  "filter_time": 0.0038280487060546875,
  "sort_time": 0.003648996353149414,
  "concurrent_time": 0.014760971069335938,
  "avg_user_session": 0.0022721052169799804,
  "high_value_properties": 1631,
  "overassessed_properties": 